600,Freelander,44544
501,Pajero,28004
173,Outlander,69259
550,Eclipse,25173
817,Beretta,29809
166,9-2X,92999
606,Tahoe,95675
641,Dakota Club,24781
199,RDX,45842
192,Expo,39920
921,B9 Tribeca,27473
346,Explorer Sport,25062
226,SJ,61432
694,Yukon,61230
778,Gallardo,45217
602,Miata MX-5,61789
340,6000,57589
588,Optima,41062
389,S8,93507
326,Tracer,45540
979,4Runner,23235
777,8 Series,65408
314,Town Car,77072
201,Elantra,56646
767,E-Series,51424
436,Legacy,68015
316,Insight,87544
109,Amigo,64421
305,Phantom,57412
666,Silverado 2500,31627
128,JX,35235
405,3500,81501
810,Trooper,70781
576,Topaz,81700
897,SL-Class,70777
980,Sonoma,73361
512,Durango,58581
211,SRX,70910
104,MPV,79904
898,Suburban 1500,74151
565,Regal,91315
153,Regal,89639
794,Esteem,72210
944,XJ,72783
323,L-Series,84910
449,Talon,25543
904,1500 Club Coupe,91731
882,98,59689
900,Cabriolet,75614
680,VS Commodore,94040
471,300M,69760
333,Suburban 2500,79728
286,Eclipse,80983
812,Club Wagon,51707
954,Grand Cherokee,67978
425,Continental GT,59146
177,2500,75768
335,RVR,89297
682,Altima,44222
855,Corvette,34804
104,xB,42479
278,Matrix,54901
732,Corvette,46794
929,B-Series,93059
950,G8,40724
342,G35,38905
752,GLI,76639
837,GS,66409
760,Murano,70114
386,Yukon XL 1500,36109
267,TundraMax,59054
469,Avalanche 1500,68340
225,Mazda5,78217
663,Sephia,54007
413,Prelude,30186
167,Ram Van 3500,56606
824,riolet,28838
672,57,45358
860,Dakota,49528
129,Paseo,63074
139,9-3,71603
361,Grand Caravan,51387
870,Passport,29141
287,9-3,63975
122,Tribute,91444
550,M-Class,71477
157,1 Series,74868
643,Camry Solara,24601
292,Crown Victoria,94412
193,Typ-1,70819
439,Rio,51408
671,M-Class,97885
902,Forester,96342
970,S8,30821
951,944,93099
730,Suburban 2500,44717
236,Arnage,85322
522,Coupe,50557
666,911,26400
401,9-4X,92375
179,A8,43025
990,Grand Caravan,59899
890,S5,93304
710,Miata MX-5,92000
512,MX-6,22292
775,Ascender,79661
748,Mustang,96993
401,S-Class,90057
688,F-Series,49121
644,Liberty,95515
396,Caprice,83166
651,MR2,47780
403,Highlander,38087
404,RL,77795
766,Ram 3500,23395
195,Entourage,52335
916,SJ,69263
891,Dakota Club,77514
343,Dakota,46531
442,Tahoe,99562
798,7 Series,61074
946,Discovery,46019
668,Impala,42444
403,9-5,86295
766,FJ Cruiser,54212
598,Maxima,90335
371,Cooper Clubman,33840
283,Spyder,75997
324,rio,50522
314,Murano,73693
560,RS4,69987
871,Ram 2500,76918
604,Sierra 3500,41932
876,Raider,53668
727,Sable,27603
917,Diamante,72229
834,Riviera,34315
869,Crosstour,57336
125,Impala,98509
699,RX Hybrid,98630
386,Ram Van B350,28678
314,Grand Prix,77369
912,Malibu,89107
241,Suburban 2500,80347
584,TL,46401
248,Trooper,79975
172,Accent,61281
339,Passat,31505
117,Grand Prix,66658
836,Ram 3500 Club,43442
204,Odyssey,37626
777,Sentra,55596
819,Taurus,47133
592,XL-7,85235
768,Ion,22406
835,Z3,22048
503,Enclave,74819
385,Golf,74866
795,Mighty Max,35153
513,Pajero,69849
897,Eclipse,23784
821,Tracer,42227
832,Forester,50406
685,Cherokee,69987
936,911,50945
737,FJ Cruiser,93448
208,Discovery,49998
737,Montero,70807
987,Equus,36917
830,Sparrow,83046
151,GL-Class,78140
925,Grand Vitara,37708
441,Lumina,73082
977,Skylark,98358
690,Trooper,30785
272,Caravan,50609
763,S6,42846
383,Venture,32645
274,Tercel,29504
907,Concorde,98821
581,Suburban 2500,52738
676,Canyon,95596
986,Festiva,73520
978,V70,84726
481,DeVille,83866
494,Ridgeline,33030
749,S80,65976
664,Dakota,21959
730,Silverado,51108
326,F150,51850
797,Continental,59731
134,IS,60066
305,Golf III,79895
889,Yukon XL 1500,60650
193,Elantra,26261
935,Camry,43885
209,Accord,97945
219,Corvette,66369
289,XL7,42303
747,Titan,70967
193,Fiesta,39088
524,GTI,30506
303,Passat,50676
781,V8 Vantage,84818
599,Mariner,92158
168,Legacy,44314
172,XC70,29611
483,Impala,58110
789,4Runner,61352
102,G-Series G10,56791
814,NX,85322
851,Pathfinder,62745
229,M-Class,78670
319,Prelude,61977
838,Tacoma Xtra,22161
318,Traverse,81395
916,XK Series,41191
833,Challenger,37513
559,Express 3500,55068
205,Civic,86133
319,Expedition,41793
412,LS,21324
146,Focus,81914
220,Grand Prix,27663
810,Bravada,91523
475,Camaro,78886
927,Savana 2500,68530
163,XC60,62333
854,Sonata,53854
911,929,62093
659,Grand Prix,89590
286,TundraMax,70531
554,Express,73667
207,F450,35991
408,H2,67609
771,X5,33335
566,Reatta,63390
392,S70,33662
911,NSX,41682
523,S-Class,79334
732,Cooper,74014
302,Savana 1500,72580
973,F250,87180
991,Civic,85116
772,Sportvan G20,56404
536,Silverado 2500,81174
613,600SL,58919
943,Silhouette,80336
726,JX,21588
726,Express 3500,66438
763,Sebring,89244
800,Century,80201
745,Cabriolet,85478
818,C-Class,48243
117,G35,90929
587,Civic Si,24371
628,Santa Fe,30055
576,Continental GT,49310
491,Outback,26993
629,Escort,52958
465,Galant,92045
189,Century,60141
846,Neon,38779
124,RAV4,78061
901,Jetta,53624
125,C8,52913
657,F250,96676
754,Civic,46911
899,TSX,25779
181,Marauder,31354
713,MPV,39897
779,Grand Marquis,73240
603,Town Car,27029
208,Maxima,51942
911,7 Series,46255
126,Tempo,50159
470,Forenza,80906
290,Continental Flying Spur,36127
832,Mark VII,36973
907,Enclave,98559
457,Rodeo,34119
928,626,72063
601,G-Series 1500,51352
752,Corolla,61044
523,GranTurismo,74529
961,Mariner,40897
814,Windstar,59796
663,Mariner,38513
627,Murciélago,22545
778,SRX,33262
751,Prius v,96125
411,2500,84986
726,LX,85172
994,Savana 1500,45435
833,Cordia,70240
426,164,78203
676,Range Rover,70371
699,525,31824
943,TT,89806
874,600,55317
392,Escalade,82932
876,GTI,58493
969,Econoline E250,68789
678,LHS,98464
975,S-Class,74449
280,Millenia,41816
991,600SEC,73066
149,GTO,38768
979,Concorde,46653
189,80/90,44450
749,Intrepid,69384
791,Sierra 2500,98098
245,Lumina,36425
706,GX,91638
909,JX,79932
829,Mountaineer,81700
296,Riviera,65079
557,Ram Van 2500,79769
766,Azure,65056
637,Ram 3500,68607
467,Taurus,75366
371,Outback,26094
447,Continental,65333
702,J,75375
383,Windstar,56054
840,Swift,99699
788,Cooper,77302
973,Civic,48171
770,Protege,32194
315,Safari,45656
124,RX Hybrid,86442
922,Escape,27414
943,Oasis,73260
803,Sebring,45386
306,Camaro,32124
302,Mustang,86164
887,1 Series,61216
773,LR4,32336
222,Firebird,44832
488,Explorer,68447
832,Caprice Classic,27455
666,Precis,74733
633,Galant,60910
630,Truck,77987
367,Grand Cherokee,90035
902,Grand Caravan,25807
171,Passat,22397
757,GTO,74561
411,MDX,50705
761,6000,72747
789,1500,32817
192,Insight,26031
141,E350,98511
703,626,73762
971,B9 Tribeca,76350
953,599 GTB Fiorano,66444
270,Envoy,53200
166,Sidekick,76832
660,Thunderbird,54382
592,E-Series,25114
656,Pajero,74105
732,TL,73335
595,MPV,90663
685,Taurus,40998
242,Pilot,37348
173,Xterra,89822
958,VUE,27865
990,G,22970
211,Sportvan G30,34773
821,Taurus,93364
105,Dakota,50634
767,Tracer,73823
528,Cabriolet,84780
922,Q,85892
442,Cougar,42461
603,Fleetwood,97714
230,Grand Vitara,37173
126,Taurus,89111
973,4Runner,24249
463,Yukon,30452
238,Tercel,65179
616,S10,59859
160,Continental Mark VII,71549
821,Freelander,44206
727,Bronco,36435
122,E350,49371
409,Nitro,50963
990,IS F,50580
720,Edge,89423
976,Canyon,76892
559,Mustang,40299
129,S4,45362
276,Sienna,72510
951,Astro,79017
726,Aerio,33843
554,Optima,35933
323,Fit,51317
745,G8,57988
506,Grand Caravan,36809
645,Silverado,53085
126,Classic,59639
441,Suburban 2500,74103
425,B-Series Plus,85452
650,3 Series,72380
518,Brat,73240
125,Equus,94820
264,Tempo,63721
524,Ram Van 3500,29130
111,Tiburon,66464
745,Frontier,84105
658,GX,51474
369,G,72245
144,Express 2500,98396
331,Relay,50740
389,Defender,41595
526,Amanti,55835
596,F350,92316
164,Yukon XL 1500,35366
415,400SEL,96779
424,C70,74619
367,Venture,46469
856,Safari,34290
917,Tiburon,31599
431,Touareg,72604
948,Tucson,43300
576,Catera,98788
759,Sonata,82503
227,H1,32532
798,X5,93326
316,Coupe Quattro,62475
518,2500,96988
924,R32,38424
103,Taurus,87492
153,A5,47626
582,Alcyone SVX,38576
413,Savana 1500,91658
997,Coachbuilder,85828
354,Stratus,85312
504,Tundra,33243
631,Taurus,41380
396,Clubman,94047
277,Cooper Clubman,87141
909,Concorde,64691
364,Tahoe,72702
845,911,49521
580,LeSabre,45967
434,Golf,77771
307,Dakota Club,55436
944,Explorer,81097
823,Crown Victoria,79556
409,Land Cruiser,66883
437,Suburban 1500,84761
759,Sentra,85204
758,Savana,54694
125,Envoy XL,75702
840,Camaro,45325
949,Corvette,67491
933,Town Car,93058
507,Cougar,49413
921,LX,95106
653,Silverado 1500,70468
929,Ram 1500,59904
532,SL-Class,25740
352,ES,43224
587,Town Car,46697
935,Carens,57840
467,Entourage,83541
832,Jetta,68244
539,Grand Prix,21306
933,Villager,21063
894,Routan,20414
349,Sonoma,92057
207,Eurovan,83533
705,Elantra,54498
876,xB,93443
900,S8,68178
962,XC90,40425
221,9-7X,48164
496,Odyssey,36797
481,Veloster,29741
483,Malibu,29820
568,G-Series G10,78993
640,Tempest,25252
376,LeSabre,84259
802,E-Class,77716
872,Ranger,69480
106,Camaro,29645
942,900,82080
893,Grand Prix,86059
309,Monte Carlo,27473
294,Dakota,44897
710,X-Type,62724
942,V40,43008
193,XK Series,97033
594,RX Hybrid,80109
546,9-5,43566
112,LSS,26192
407,Mazda6,64593
245,Silverado 3500,93670
789,D350,31839
104,911,38347
613,Rogue,52985
812,Grand Marquis,85388
420,Aveo,58535
546,Canyon,95108
228,LS,66223
561,Mighty Max,33469
228,Legend,79398
414,Sienna,56204
590,RX Hybrid,95983
337,G5,84298
981,Civic,21310
488,Grand Marquis,55385
527,Malibu,57980
364,Passat,52362
172,Q,78381
219,Dakota Club,25448
588,F350,75884
502,Pajero,59398
184,MX-3,93305
410,Sequoia,30067
838,Legacy,50083
682,Mustang,63783
410,2500,92478
468,Charger,25175
766,Touareg,35595
347,Sky,86081
718,Sedona,41308
173,626,39552
529,Freelander,94067
481,Cutlass Cruiser,60308
562,Corvette,29546
311,Tracker,47628
969,Golf,81066
552,Legacy,29537
952,9-5,75573
157,Swift,57291
880,Colorado,52497
813,Reno,34765
394,Suburban 2500,81311
762,Amigo,96074
493,Somerset,95961
453,Camaro,84125
727,S10,82929
237,645,82700
803,Galant,36835
860,Scoupe,89575
797,Tracker,77038
950,Tahoe,96227
456,900,61698
974,Q5,33990
735,Solara,24364
735,Excursion,57104
837,Xtra,28371
198,Camry Hybrid,71168
307,S40,81686
317,Torrent,82452
570,MKX,73012
858,Ridgeline,56606
454,Mazdaspeed 3,90247
137,Grand Prix,72446
147,Ranger,68682
401,PT Cruiser,41837
205,Esprit,59688
618,Dynasty,87071
927,CR-V,62932
527,RX-7,26797
828,1000,86171
968,LR2,82093
935,Express 2500,46787
698,Skylark,85748
397,A8,88654
709,Vandura G1500,41747
849,D350,21879
312,SL-Class,96935
115,Spirit,68967
315,Sunbird,77019
656,F150,57624
339,LeBaron,86004
349,SL-Class,65643
926,XC90,29683
715,CL-Class,32487
717,DB9,43558
137,Grand Prix,82821
583,Vigor,74555
736,Crown Victoria,67589
277,Truck,37386
690,RDX,30408
278,G-Series G20,54251
657,Fortwo,77592
662,3500,76495
845,1500,43331
543,Century,29478
834,V70,62531
714,M,65939
852,Tacoma,40646
334,Durango,47797
956,Suburban 2500,85634
712,GL-Class,66736
311,Golf,64325
681,Protege,30654
287,Neon,34538
987,Savana 2500,47722
291,Navigator,62926
432,TrailBlazer,36604
213,Venture,61337
512,Passat,98251
213,Century,57481
115,Interceptor,99562
368,Corvair 500,57679
569,Legend,59512
931,H2 SUV,59622
647,Soul,74722
771,Tempest,42078
613,A8,32516
522,Fiesta,87263
950,Familia,86456
197,Outlook,54531
874,Corvette,63855
133,928,77663
789,New Beetle,94489
545,Accent,81791
107,Express 2500,78168
424,Eclipse,48063
587,Wrangler,20824
738,Marquis,37264
403,Crown Victoria,61940
660,SX4,69252
337,928,27127
693,Suburban 2500,56566
544,Tempo,56222
137,MKX,94893
451,Cabriolet,78099
174,Sunbird,95018
162,Accent,50640
186,ES,94105
418,Voyager,49309
298,Discovery,80371
667,Sportage,79073
103,XC60,61721
986,HHR,70543
556,599 GTB Fiorano,70636
549,GT500,93574
161,Cabriolet,59614
325,Landaulet,43761
708,LS Hybrid,26558
240,SL-Class,22101
232,Electra,57025
551,Escort,40462
797,MPV,64111
449,Tacoma,25641
494,Tribeca,93010
459,S-Type,66408
285,Cabriolet,90160
637,S-Series,54663
943,SRX,21219
777,Corvette,54763
994,Firebird,90000
987,GTI,69929
977,Cougar,33716
727,Pilot,92513
596,Lightning,35604
748,Crosstour,81062
705,Town Car,43627
825,Expo,52393
191,Express 3500,78324
132,Ram 2500,81237
428,Town Car,45144
479,Jetta,52239
343,Matrix,72726
289,Taurus,57626
864,GT,37119
371,S-Class,64860
661,Azure,35998
158,Tracker,40006
779,7 Series,38514
252,LR3,83546
481,300SD,83492
697,Grand Cherokee,79852
477,Topaz,39412
469,Mustang,75075
563,911,72385
715,Thunderbird,89687
702,RX,57757
472,Firebird,50639
775,S60,36007
990,Town & Country,75297
981,TL,37088
353,A6,43088
205,Matrix,21998
329,Titan,57619
963,Astro,59592
939,Sorento,21101
879,Passat,23948
369,Rally Wagon G3500,75479
312,Suburban 1500,77412
631,Firefly,23224
393,SSR,60481
372,M,66587
253,Town Car,80972
958,Civic,52909
813,370Z,41331
545,Q,89264
239,Prius,99730
247,Seville,66848
694,Arnage,32623
479,Aztek,52357
272,Corolla,81227
554,Scoupe,98162
694,Sienna,54230
115,Aero 8,43515
648,Savana 3500,20114
588,Escape,53540
926,Five Hundred,77360
452,750,76844
706,Sonata,47257
835,Skylark,29994
209,F250,93755
251,Equus,98932
369,GranSport,45364
789,A6,51477
623,Legacy,33142
943,XLR-V,46355
838,Cavalier,35871
477,1500,96975
447,3 Series,71087
876,Protege,33290
706,Montero,42855
644,X-Type,79816
232,928,98037
770,TT,81155
328,Edge,36501
966,ES,35993
208,4Runner,38643
141,Spectra5,31526
361,XT,78368
341,GTO,41018
734,Rally Wagon G3500,23062
989,Rabbit,73212
109,Ram 3500 Club,46746
766,S60,27014
596,CTS,56023
812,S80,96662
402,QX,62666
988,S-Class,83275
209,B-Series,72758
511,300,67318
541,Integra,99471
729,Thunderbird,93736
242,4Runner,98865
455,Xterra,78635
846,Diablo,58694
196,Daewoo Magnus,43961
640,Tacoma,55152
641,Swift,44977
241,Caprice Classic,38705
410,Suburban 2500,52884
268,CLK-Class,85455
614,Safari,29164
530,Sedona,37061
521,Colt,97240
175,TrailBlazer,59349
123,Grand Marquis,57764
302,Villager,47372
166,CL-Class,73382
460,Ciera,76893
643,Cooper Countryman,52340
454,M-Class,84173
370,Golf,69977
874,Bronco,52218
291,Bonneville,92537
739,Pajero,70205
330,Torrent,32112
867,S60,84847
634,B-Series Plus,99612
915,Firebird,98145
726,Prelude,96566
568,Envoy,27685
383,Verona,71355
885,Silverado 1500,48040
409,Mazdaspeed6,74103
702,Taurus,66036
155,Frontier,24459
930,Cougar,79445
584,Express 3500,98988
872,Aerostar,71526
970,Allroad,20966
629,HHR Panel,64874
268,Grand Vitara,45433
722,6 Series,51388
878,Grand Am,26106
961,Exige,69988
683,Caravan,72794
215,Cabriolet,31942
568,Sedona,32744
883,Freestar,78024
951,Venza,92099
585,SC,59574
920,Safari,83024
360,Rally Wagon G2500,46298
849,Coupe Quattro,60000
989,Impreza,46632
835,300,69408
631,Savana 3500,49894
866,3500,20840
172,Altima,43675
104,E-Series,96158
666,T100,91909
909,Mazdaspeed6,38474
417,Accord,91871
717,Sierra 3500,82490
646,Maxima,32392
975,Bronco,28348
301,Endeavor,54036
314,GTI,35486
263,Celica,31160
968,LS,66248
187,XF,68159
365,Reatta,88355
267,88,22528
277,Lynx,89793
626,7 Series,23705
599,Bonneville,79092
201,Challenger,84563
455,Firebird,76166
445,Monterey,44042
744,S10,34905
250,Corolla,48011
683,C70,54713
366,Volt,89929
867,Grand Cherokee,85212
627,Sierra 2500,96058
749,S2000,20826
958,Savana,74721
300,Precis,50565
256,Tribute,82472
903,Colorado,48637
930,FCX Clarity,42167
877,RX Hybrid,29975
392,Ranger,37685
672,Caravan,50289
699,i-MiEV,61835
520,Frontier,31674
363,VUE,51429
650,STS,93059
810,Mustang,63753
929,Mustang,46125
699,3500,70590
561,Esprit,33650
466,Camry,83353
620,Metro,40117
535,M-Class,93116
133,GLK-Class,95315
936,Silverado 3500,75845
555,SLS AMG,57566
683,A6,71651
290,DTS,42616
200,Sierra 1500,72048
142,Silhouette,73160
615,Equus,55592
578,Corvette,94573
797,850,67191
604,Rodeo,80867
587,Galant,58882
418,Discovery,76281
631,TrailBlazer,35902
761,Grand Am,35278
511,Firebird Trans Am,84168
258,E-Class,51892
605,Wrangler,28630
118,MR2,39258
433,Insight,41605
727,F-Series Super Duty,80963
693,300,59141
669,Leganza,81796
713,Taurus,66238
561,Express 2500,51682
156,Continental Mark VII,57056
358,Continental,81008
998,Liberty,22569
344,Jimmy,91922
434,626,78382
221,A4,38280
533,MPV,90860
553,Grand Am,64273
524,Safari,81066
549,Villager,54311
265,JX,84293
658,Amigo,90100
671,STS,66218
146,Murciélago,94219
723,Vibe,27408
408,SRX,97118
819,XK Series,44899
423,Caliber,43260
260,Ram 3500,88434
895,Tiburon,74522
914,924 S,31017
728,Escalade,46912
829,i-280,23156
160,MPV,75540
184,Vibe,93208
601,DB9,83875
796,LX,40989
474,Cobalt,71274
148,Passport,85580
972,M5,32323
956,TL,45113
277,Contour,51727
552,Park Avenue,41640
393,X6,51674
549,Challenger,39572
853,Escort,80363
367,GT-R,68112
823,Ram 1500,70083
852,Astra,59182
346,Truck,82368
955,V8 Vantage,95290
517,Paseo,86682
944,Corolla,62073
908,Sebring,94416
613,Silverado 1500,60478
748,R-Class,82899
569,Golf,20557
525,GX,68555
859,IS,94956
584,Vibe,75550
393,Excel,76880
538,DeVille,25783
703,Cougar,75631
385,IS,43593
209,Ridgeline,83753
610,Suburban 1500,28978
885,Suburban 2500,54519
651,NSX,24572
233,X5,54553
449,CL-Class,88033
635,Thunderbird,77957
416,Sierra 2500,38461
538,Z4 M,43611
549,XJ,64913
711,Metro,73754
172,L300,88638
370,RAV4,73984
398,Rio,88056
411,EV1,56767
824,GL-Class,80129
553,CLS-Class,56361
185,Dakota Club,83110
300,Corvette,37936
108,Grand Voyager,71912
980,Rally Wagon 2500,24920
333,SL-Class,94063
869,626,78014
111,XK,40793
861,MINI,31695
844,MPV,60007
606,Lancer Evolution,64810
436,Challenger,63591
674,Legacy,40743
866,Paseo,20376
883,Ram 1500 Club,69896
303,Altima,82538
499,Econoline E250,51083
617,rio,82764
738,Impreza,62047
148,Mazda6,83282
552,3000GT,72841
801,Explorer,38208
800,MX-6,30921
132,Rodeo,92489
339,Wrangler,58600
271,Mustang,22405
694,Town Car,48778
194,RVR,35399
380,SL-Class,94838
550,Eurovan,99612
501,B-Series Plus,49722
528,Elise,57999
830,Camaro,21662
205,Celica,78036
339,Civic,73352
980,Sundance,26241
504,Rio,39417
618,Savana 1500,73822
376,Grand Marquis,82299
575,Quest,47493
217,SC,51789
937,X5 M,72942
134,Rally Wagon 2500,89239
387,Optima,80532
377,SLK-Class,50537
831,Crown Victoria,34982
607,Land Cruiser,76178
658,Vibe,96130
386,8 Series,27836
872,CX-5,44548
407,6000,20996
780,GTO,43948
173,Catera,29677
